State/Crop/District,Season,2000 - 2001,,,2001 - 2002,,,2002 - 2003,,,2003 - 2004,,,2004 - 2005,,,2005 - 2006,,,2006 - 2007,,,2010 - 2011,,,2011 - 2012,,,2012 - 2013,,,2013 - 2014,,,2014 - 2015,,,2015 - 2016,,,2016 - 2017,,,2017 - 2018,,,2018 - 2019,,,2019 - 2020,,,2020 - 2021,,,2021 - 2022,,,2022 - 2023,,
,,Area,Production,Yield,Area,Production,Yield,Area,Production,Yield,Area,Production,Yield,Area,Production,Yield,Area,Production,Yield,Area,Production,Yield,Area,Production,Yield,Area,Production,Yield,Area,Production,Yield,Area,Production,Yield,Area,Production,Yield,Area,Production,Yield,Area,Production,Yield,Area,Production,Yield,Area,Production,Yield,Area,Production,Yield,Area,Production,Yield,Area,Production,Yield,Area,Production,Yield
,,(Hectare),(Tonnes),(Ton./Ha.),(Hectare),(Tonnes),(Ton./Ha.),(Hectare),(Tonnes),(Ton./Ha.),(Hectare),(Tonnes),(Ton./Ha.),(Hectare),(Tonnes),(Ton./Ha.),(Hectare),(Tonnes),(Ton./Ha.),(Hectare),(Tonnes),(Ton./Ha.),(Hectare),(Tonnes),(Ton./Ha.),(Hectare),(Tonnes),(Ton./Ha.),(Hectare),(Tonnes),(Ton./Ha.),(Hectare),(Tonnes),(Ton./Ha.),(Hectare),(Tonnes),(Ton./Ha.),(Hectare),(Tonnes),(Ton./Ha.),(Hectare),(Tonnes),(Ton./Ha.),(Hectare),(Tonnes),(Ton./Ha.),(Hectare),(Tonnes),(Ton./Ha.),(Hectare),(Tonnes),(Ton./Ha.),(Hectare),(Tonnes),(Ton./Ha.),(Hectare),(Tonnes),(Ton./Ha.),(Hectare),(Tonnes),(Ton./Ha.)
Andaman and Nicobar Islands,,,,,,,,,,,,,,,,,,,,,,,,,,,,,,,,,,,,,,,,,,,,,,,,,,,,,,,,,,,,,
1. Arecanut,,,,,,,,,,,,,,,,,,,,,,,,,,,,,,,,,,,,,,,,,,,,,,,,,,,,,,,,,,,,,
1. Nicobars,Kharif,1254,2000,1.59,1254,2061,1.64,,,,,,,,,,,,,,,,,,,,,,,,,,,,,,,,,,,,,,,,,,,,,,,,,,,,,,
,Rabi,,,,,,,,,,,,,,,,,,,,,,944,1610,1.71,957,1090,1.14,959,1361.8,1.42,890.5,846,0.95,876.5,638.5,0.73,888.5,82.5,0.09,888.5,99,0.11,534.1,125.23,0.23,558,84.6,0.15,612.5,175.4,0.29,221.5,72.8,0.33,206.5,95.6,0.46,200.5,64.5,0.32
,Total,1254,2000,1.59,1254,2061,1.64,,,0,,,0,,,0,,,0,,,0,944,1610,1.71,957,1090,1.14,959,1361.8,1.42,890.5,846,0.95,876.5,638.5,0.73,888.5,82.5,0.09,888.5,99,0.11,534.1,125.23,0.23,558,84.6,0.15,612.5,175.4,0.29,221.5,72.8,0.33,206.5,95.6,0.46,200.5,64.5,0.32
2. North and middle andaman,Kharif,3100,5200,1.68,3100,5239,1.69,,,,,,,,,,,,,,,,,,,,,,,,,,,,,,,,,,,,,,,,,,,,,,,,,,,,,,
,Rabi,,,,,,,,,,,,,,,,,,,,,,1296,2290,1.77,1338,2410,1.8,1340,1890.7,1.41,1165.4,3509.9,3.01,1603,3830,2.39,1545,5300,3.43,1540,4788,3.11,1744,4639.44,2.66,2297.49,6476,2.82,2351.11,5343.05,2.27,2424.25,6288.38,2.59,2527.2,5386.13,2.13,2607.3,6153.68,2.36
,Total,3100,5200,1.68,3100,5239,1.69,,,0,,,0,,,0,,,0,,,0,1296,2290,1.77,1338,2410,1.8,1340,1890.7,1.41,1165.4,3509.9,3.01,1603,3830,2.39,1545,5300,3.43,1540,4788,3.11,1744,4639.44,2.66,2297.49,6476,2.82,2351.11,5343.05,2.27,2424.25,6288.38,2.59,2527.2,5386.13,2.13,2607.3,6153.68,2.36
3. South andamans,Rabi,,,,,,,,,,,,,,,,,,,,,,1912,1900,0.99,1925,2450,1.27,1926,2722.5,1.41,2235,5610.5,2.51,2190,4879.5,2.23,2190,4945,2.26,2191,5721,2.61,1220.2,10518.7,8.62,1220.2,5828.69,4.78,1372.19,5070.75,3.7,1372.2,7370.17,5.37,1372.2,9904.45,7.22,1372.2,9652,7.03
Total (Arecanut),,4354,7200,1.65,4354,7300,1.68,,,0,,,0,,,0,,,0,,,0,4152,5800,1.4,4220,5950,1.41,4225,5975,1.41,4290.9,9966.4,2.32,4669.5,9348,2,4623.5,10327.5,2.23,4619.5,10608,2.3,3498.3,15283.37,4.37,4075.69,12389.29,3.04,4335.8,10589.2,2.44,4017.95,13731.35,3.42,4105.9,15386.18,3.75,4180,15870.18,3.8
2. Arhar/Tur,,,,,,,,,,,,,,,,,,,,,,,,,,,,,,,,,,,,,,,,,,,,,,,,,,,,,,,,,,,,,
1. North and middle andaman,Rabi,,,,,,,,,,,,,,,,,,,,,,294.5,90.8,0.31,210,63.4,0.3,52.5,15,0.29,1,3,3,13.9,13.8,0.99,0.5,0.3,0.6,6.5,0.3,0.05,1.2,0.6,0.5,,,,,,,2.1,0.2,0.1,2.7,0.5,0.19,1,0.3,0.3
2. South andamans,Rabi,,,,,,,,,,,,,,,,,,,,,,20.5,13.2,0.64,,,,,,,0.5,0.2,0.4,1,0.4,0.4,0.5,0.2,0.4,,,,,,,,,,,,,,,,,,,,,
Total (Arhar/Tur),,,,0,,,0,,,0,,,0,,,0,,,0,,,0,315,104,0.33,210,63.4,0.3,52.5,15,0.29,1.5,3.2,2.13,14.9,14.2,0.95,1,0.5,0.5,6.5,0.3,0.05,1.2,0.6,0.5,,,0,,,0,2.1,0.2,0.1,2.7,0.5,0.19,1,0.3,0.3
3. Black pepper,,,,,,,,,,,,,,,,,,,,,,,,,,,,,,,,,,,,,,,,,,,,,,,,,,,,,,,,,,,,,
1. Nicobars,Rabi,,,,,,,,,,,,,,,,,,,,,,23,8.5,0.37,23,1,0.04,23,4.9,0.21,7.6,1.5,0.2,6,1.4,0.23,12.5,0.9,0.07,12,0.9,0.08,12.4,0.42,0.03,10.41,0.02,0,12.4,0.71,0.06,10.4,0.088,0.01,2.4,0.059,0.02,1.63,0.054,0.03
2. North and middle andaman,Rabi,,,,,,,,,,,,,,,,,,,,,,168,13.5,0.08,169.9,2.7,0.02,169.9,36.3,0.21,160.2,13.8,0.09,134.5,20.8,0.15,68,13.6,0.2,60.3,4.8,0.08,8.76,2.13,0.24,10.03,3,0.3,9.92,2.25,0.23,9.26,2.8,0.3,9.36,2.89,0.31,41.98,3.15,0.08
3. South andamans,Rabi,,,,,,,,,,,,,,,,,,,,,,409,98,0.24,407.1,28,0.07,407.1,88.8,0.22,405.5,61.3,0.15,385.5,62.8,0.16,300,39,0.13,225,47.11,0.21,69.46,349.72,5.03,70,4.57,0.07,66.9,18.05,0.27,40.16,45.96,1.14,38.16,43.46,1.14,38.2,42.57,1.11
Total (Black pepper),,,,0,,,0,,,0,,,0,,,0,,,0,,,0,600,120,0.2,600,31.7,0.05,600,130,0.22,573.3,76.6,0.13,526,85,0.16,380.5,53.5,0.14,297.3,52.81,0.18,90.62,352.27,3.89,90.44,7.59,0.08,89.22,21.01,0.24,59.82,48.848,0.82,49.92,46.409,0.93,81.81,45.774,0.56
4. Cashewnut,,,,,,,,,,,,,,,,,,,,,,,,,,,,,,,,,,,,,,,,,,,,,,,,,,,,,,,,,,,,,
1. Nicobars,Rabi,,,,,,,,,,,,,,,,,,,,,,1000.5,260.5,0.26,1026.5,282.3,0.28,1042.5,302.4,0.29,1036.9,302.3,0.29,1036.9,303,0.29,956.9,251.6,0.26,356.5,18.15,0.05,19,21,1.11,19,15,0.79,19,15,0.79,19,18,0.95,15,8,0.53,13,6,0.46
2. North and middle andaman,Rabi,,,,,,,,,,,,,,,,,,,,,,84.5,39,0.46,153.5,53.5,0.35,122.1,54.1,0.44,131.2,54.8,0.42,81.2,7.2,0.09,81.2,9,0.11,73.5,0.78,0.01,0.8,0.44,0.55,4.16,6.58,1.58,12.16,4.82,0.4,12.19,5.45,0.45,12.2,5.32,0.44,12.03,4.65,0.39
3. South andamans,Rabi,,,,,,,,,,,,,,,,,,,,,,15,10.5,0.7,20,15.3,0.77,35.4,21.2,0.6,29.5,21.8,0.74,14.9,22.8,1.53,14.9,20.4,1.37,19,24,1.26,18.9,22.23,1.18,18.9,22.23,1.18,18.9,22.25,1.18,5.9,4.58,0.78,5.5,4.53,0.82,5.9,4.9,0.83
Total (Cashewnut),,,,0,,,0,,,0,,,0,,,0,,,0,,,0,1100,310,0.28,1200,351.1,0.29,1200,377.7,0.31,1197.6,378.9,0.32,1133,333,0.29,1053,281,0.27,449,42.93,0.1,38.7,43.67,1.13,42.06,43.81,1.04,50.06,42.07,0.84,37.09,28.03,0.76,32.7,17.85,0.55,30.93,15.55,0.5
5. Cowpea(Lobia),,,,,,,,,,,,,,,,,,,,,,,,,,,,,,,,,,,,,,,,,,,,,,,,,,,,,,,,,,,,,
1. Nicobars,Rabi,,,,,,,,,,,,,,,,,,,,,,,,,33.5,94.5,2.82,24.5,74.5,3.04,18.5,71.5,3.86,14.1,40.4,2.87,20,18,0.9,,,,,,,,,,,,,,,,,,,,,
2. North and middle andaman,Rabi,,,,,,,,,,,,,,,,,,,,,,,,,258,1208.5,4.68,294,1364.5,4.64,430,2421,5.63,426,1680,3.94,420,2780,6.62,,,,,,,,,,,,,,,,,,,,,
3. South andamans,Rabi,,,,,,,,,,,,,,,,,,,,,,,,,83.5,626.3,7.5,71.5,661,9.24,138.5,637.1,4.6,148.8,720.8,4.84,131,565.5,4.32,2,,0,,,,,,,,,,,,,,,,,,
Total (Cowpea(Lobia)),,,,0,,,0,,,0,,,0,,,0,,,0,,,0,,,0,375,1929.3,5.14,390,2100,5.38,587,3129.6,5.33,588.9,2441.2,4.15,571,3363.5,5.89,2,,0,,,0,,,0,,,0,,,0,,,0,,,0
6. Dry chillies,,,,,,,,,,,,,,,,,,,,,,,,,,,,,,,,,,,,,,,,,,,,,,,,,,,,,,,,,,,,,
1. Nicobars,Rabi,,,,,,,,,,,,,,,,,,,,,,12,25,2.08,12,15.9,1.33,14,16,1.14,5.7,5.6,0.98,5.2,6.9,1.33,4.7,2,0.43,7.4,3.3,0.45,7.2,3.48,0.48,8,1.9,0.24,11.85,15.45,1.3,14.72,19.49,1.32,19.5,19.8,1.02,11.8,18.4,1.56
2. North and middle andaman,Rabi,,,,,,,,,,,,,,,,,,,,,,254,402,1.58,246,332,1.35,251,378.5,1.51,206.3,346.7,1.68,181.9,644.2,3.54,177.9,880.5,4.95,101,630.5,6.24,18.73,54.69,2.92,182.05,655.09,3.6,35.89,93.83,2.61,20.44,98.36,4.81,44.15,163.22,3.7,7.78,165.14,21.23
3. South andamans,Rabi,,,,,,,,,,,,,,,,,,,,,,128,148,1.16,127,232.1,1.83,132,210.5,1.59,117.5,289,2.46,123.5,323,2.62,41,150,3.66,40.07,840.03,20.96,39.3,853.2,21.71,15.5,124,8,25.35,204.15,8.05,,,,34.3,157.32,4.59,14.93,37.35,2.5
Total (Dry chillies),,,,0,,,0,,,0,,,0,,,0,,,0,,,0,394,575,1.46,385,580,1.51,397,605,1.52,329.5,641.3,1.95,310.6,974.1,3.14,223.6,1032.5,4.62,148.47,1473.83,9.93,65.23,911.37,13.97,205.55,780.99,3.8,73.09,313.43,4.29,35.16,117.85,3.35,97.95,340.34,3.47,34.51,220.89,6.4
7. Dry Ginger,,,,,,,,,,,,,,,,,,,,,,,,,,,,,,,,,,,,,,,,,,,,,,,,,,,,,,,,,,,,,
1. Nicobars,Rabi,,,,,,,,,,,,,,,,,,,,,,,,,,,,,,,,,,,,,,,,,,,,,,,,,,,,,,,0.6,0.75,1.25,0.8,1.6,2
2. North and middle andaman,Rabi,,,,,,,,,,,,,,,,,,,,,,,,,,,,,,,,,,,,,,,,,,,,,,,,,,,,,,,92.3,353.91,3.83,116.88,479.72,4.1
3. South andamans,Rabi,,,,,,,,,,,,,,,,,,,,,,,,,,,,,,,,,,,,,,,,,,,,,,,,,,,,,,,16.5,117.72,7.13,18.88,127.93,6.78
Total (Dry Ginger),,,,0,,,0,,,0,,,0,,,0,,,0,,,0,,,0,,,0,,,0,,,0,,,0,,,0,,,0,,,0,,,0,,,0,,,0,109.4,472.38,4.32,136.56,609.25,4.46
8. Ginger,,,,,,,,,,,,,,,,,,,,,,,,,,,,,,,,,,,,,,,,,,,,,,,,,,,,,,,,,,,,,
1. Nicobars,Rabi,,,,,,,,,,,,,,,,,,,,,,7,9.64,1.38,7,10.9,1.56,7.5,44.4,5.92,5.4,16.3,3.02,3.5,10.8,3.09,6.2,2.2,0.35,0.21,1.21,5.76,0.61,0.01,0.02,0.62,1.05,1.69,0.62,4.9,7.9,0.6,0.8,1.33,,,,,,
2. North and middle andaman,Rabi,,,,,,,,,,,,,,,,,,,,,,110,1011.84,9.2,110.5,1044.5,9.45,114.5,1036.6,9.05,101,916,9.07,101.3,1000,9.87,100.8,1382.6,13.72,106.5,1400,13.15,95.83,1373.15,14.33,92.29,245.14,2.66,90.58,275.67,3.04,89.78,367.71,4.1,,,,,,
3. South andamans,Rabi,,,,,,,,,,,,,,,,,,,,,,94,828.52,8.81,92.5,799.6,8.64,93,829,8.91,80.6,485.3,6.02,45.7,409.7,8.96,51.5,437.7,8.5,63.07,462.1,7.33,57.3,447.9,7.82,33,391,11.85,30.4,326.64,10.74,22.47,122.59,5.46,,,,,,
Total (Ginger),,,,0,,,0,,,0,,,0,,,0,,,0,,,0,211,1850,8.77,210,1855,8.83,215,1910,8.88,187,1417.6,7.58,150.5,1420.5,9.44,158.5,1822.5,11.5,169.78,1863.31,10.97,153.74,1821.06,11.85,125.91,637.19,5.06,121.6,607.21,4.99,112.85,491.1,4.35,,,0,,,0
9. Groundnut,,,,,,,,,,,,,,,,,,,,,,,,,,,,,,,,,,,,,,,,,,,,,,,,,,,,,,,,,,,,,
1. North and middle andaman,Rabi,,,,,,,,,,,,,,,,,,,,,,4.75,6.8,1.43,8.1,11.7,1.44,14.6,3.4,0.23,0.5,0.5,1,3.1,2.1,0.68,,,,0.5,0.75,1.5,,,,2,1.2,0.6,3,1.7,0.57,5.5,3,0.55,5.5,3.1,0.56,4.5,2.7,0.6
2. South andamans,Rabi,,,,,,,,,,,,,,,,,,,,,,15.5,7.6,0.49,12.2,4.3,0.35,15.4,23.6,1.53,1.2,0.9,0.75,1.4,0.9,0.64,1.2,0.6,0.5,,,,,,,,,,,,,,,,,,,,,
Total (Groundnut),,,,0,,,0,,,0,,,0,,,0,,,0,,,0,20.25,14.4,0.71,20.3,16,0.79,30,27,0.9,1.7,1.4,0.82,4.5,3,0.67,1.2,0.6,0.5,0.5,0.75,1.5,,,0,2,1.2,0.6,3,1.7,0.57,5.5,3,0.55,5.5,3.1,0.56,4.5,2.7,0.6
10. Maize,,,,,,,,,,,,,,,,,,,,,,,,,,,,,,,,,,,,,,,,,,,,,,,,,,,,,,,,,,,,,
1. Nicobars,Rabi,,,,,,,,,,,,,,,,,,,,,,3.84,18.22,4.74,4,2.7,0.68,,,,9.7,5.1,0.53,0.6,5.5,9.17,0.5,0.5,1,,,,,,,,,,,,,,,,1.5,1.7,1.13,,,
2. North and middle andaman,Rabi,,,,,,,,,,,,,,,,,,,,,,86.7,96.4,1.11,91,136.5,1.5,73.5,103.2,1.4,75.4,176.1,2.34,96.5,456,4.73,65,240,3.69,49.5,116.8,2.36,30.62,17.58,0.57,12.23,26.46,2.16,15.37,44.05,2.87,35.55,103.97,2.92,11.71,35.14,3,15.14,34.22,2.26
3. South andamans,Rabi,,,,,,,,,,,,,,,,,,,,,,73,253,3.47,67.5,201,2.98,42,112,2.67,45,111.5,2.48,70,141.5,2.02,55,111.5,2.03,54,99.52,1.84,13,20,1.54,20.2,22.5,1.11,5.22,12.95,2.48,6.37,8.31,1.3,46.6,79,1.7,,,
Total (Maize),,,,0,,,0,,,0,,,0,,,0,,,0,,,0,163.54,367.62,2.25,162.5,340.2,2.09,115.5,215.2,1.86,130.1,292.7,2.25,167.1,603,3.61,120.5,352,2.92,103.5,216.32,2.09,43.62,37.58,0.86,32.43,48.96,1.51,20.59,57,2.77,41.92,112.28,2.68,59.81,115.84,1.94,15.14,34.22,2.26
11. Moong(Green Gram),,,,,,,,,,,,,,,,,,,,,,,,,,,,,,,,,,,,,,,,,,,,,,,,,,,,,,,,,,,,,
1. Nicobars,Rabi,,,,,,,,,,,,,,,,,,,,,,1.5,1.1,0.73,,,,,,,,,,0.6,1.2,2,0.6,1.2,2,1.6,0.64,0.4,,,,,,,,,,1.955,6.04,3.09,,,,,,
2. North and middle andaman,Rabi,,,,,,,,,,,,,,,,,,,,,,1168.6,556.55,0.48,824.6,492.5,0.6,563.6,267.6,0.47,305.2,131.3,0.43,898.5,448.3,0.5,884.7,541.6,0.61,759.1,221.13,0.29,193.5,60.25,0.31,99.8,20.96,0.21,359.6,215.07,0.6,219.55,89.07,0.41,200.29,65.48,0.33,201.05,72.95,0.36
3. South andamans,Rabi,,,,,,,,,,,,,,,,,,,,,,29.9,17.85,0.6,25.8,13.4,0.52,19.9,8.3,0.42,14,7.6,0.54,10.9,6,0.55,7.2,2.3,0.32,5.2,0.98,0.19,0.5,0.3,0.6,,,,3.92,2.08,0.53,10.33,2.69,0.26,10.33,2.69,0.26,5.9,3.54,0.6
Total (Moong(Green Gram)),,,,0,,,0,,,0,,,0,,,0,,,0,,,0,1200,575.5,0.48,850.4,505.9,0.59,583.5,275.9,0.47,319.2,138.9,0.44,910,455.5,0.5,892.5,545.1,0.61,765.9,222.75,0.29,194,60.55,0.31,99.8,20.96,0.21,363.52,217.15,0.6,231.835,97.8,0.42,210.62,68.17,0.32,206.95,76.49,0.37
12. Other Kharif pulses,,,,,,,,,,,,,,,,,,,,,,,,,,,,,,,,,,,,,,,,,,,,,,,,,,,,,,,,,,,,,
1. Nicobars,Kharif,2,1,0.5,2,1,0.5,,,,,,,,,,,,,,,,,,,,,,,,,,,,,,,,,,,,,,,,,,,,,,,,,,,,,,
2. North and middle andaman,Kharif,668,448,0.67,418,199,0.48,,,,,,,,,,,,,,,,,,,,,,,,,,,,,,,,,,,,,,,,,,,,,,,,,,,,,,
Total (Other Kharif pulses),,670,449,0.67,420,200,0.48,,,0,,,0,,,0,,,0,,,0,,,0,,,0,,,0,,,0,,,0,,,0,,,0,,,0,,,0,,,0,,,0,,,0,,,0
13. other oilseeds,,,,,,,,,,,,,,,,,,,,,,,,,,,,,,,,,,,,,,,,,,,,,,,,,,,,,,,,,,,,,
1. North and middle andaman,Rabi,,,,,,,,,,,,,,,,,,,,,,,,,,,,,,,,,,,,,,,,,,,0.16,0.2,1.25,,,,,,,,,,,,,,,
Total (other oilseeds),,,,0,,,0,,,0,,,0,,,0,,,0,,,0,,,0,,,0,,,0,,,0,,,0,,,0,,,0,0.16,0.2,1.25,,,0,,,0,,,0,,,0,,,0
14. Rapeseed &Mustard,,,,,,,,,,,,,,,,,,,,,,,,,,,,,,,,,,,,,,,,,,,,,,,,,,,,,,,,,,,,,
1. North and middle andaman,Rabi,,,,,,,,,,,,,,,,,,,,,,,,,20,5.2,0.26,18.3,5,0.27,9.2,6.5,0.71,8.3,4.4,0.53,4.5,0.7,0.16,3.5,0.4,0.11,0.11,0.26,2.36,0.3,1.2,4,,,,0.5,0.1,0.2,0.55,0.13,0.24,0.5,0.46,0.92
2. South andamans,Rabi,,,,,,,,,,,,,,,,,,,,,,,,,1.3,0.3,0.23,,,,,,,0.2,0.3,1.5,0.8,0.7,0.88,1,0.76,0.76,,,,,,,,,,,,,,,,,,
Total (Rapeseed &Mustard),,,,0,,,0,,,0,,,0,,,0,,,0,,,0,,,0,21.3,5.5,0.26,18.3,5,0.27,9.2,6.5,0.71,8.5,4.7,0.55,5.3,1.4,0.26,4.5,1.16,0.26,0.11,0.26,2.36,0.3,1.2,4,,,0,0.5,0.1,0.2,0.55,0.13,0.24,0.5,0.46,0.92
15. Rice,,,,,,,,,,,,,,,,,,,,,,,,,,,,,,,,,,,,,,,,,,,,,,,,,,,,,,,,,,,,,
1. Nicobars,Autumn,,,,,,,,,,,,,,,,,,,,,,3.5,10,2.86,1.5,2.5,1.67,0.35,0.4,1.14,2.65,6.3,2.38,4.6,10.8,2.35,5,11.2,2.24,6.67,9.54,1.43,1,0.53,0.53,4.1,6.01,1.47,3.1,4.3,1.39,,,,,,,1,1.26,1.26
,Kharif,102,321,3.15,83,300,3.61,189.2,510.84,2.7,52,90.17,1.73,52.94,72.57,1.37,2.09,12.06,5.77,,,,,,,,,,,,,,,,,,,,,,,,,,,,,,,,,,,,,,,,,,
,Total,102,321,3.15,83,300,3.61,189.2,510.84,2.7,52,90.17,1.73,52.94,72.57,1.37,2.09,12.06,5.77,,,0,3.5,10,2.86,1.5,2.5,1.67,0.35,0.4,1.14,2.65,6.3,2.38,4.6,10.8,2.35,5,11.2,2.24,6.67,9.54,1.43,1,0.53,0.53,4.1,6.01,1.47,3.1,4.3,1.39,,,0,,,0,1,1.26,1.26
2. North and middle andaman,Autumn,,,,,,,,,,,,,,,,,,,,,,6791,20118,2.96,7314.05,14168.2,1.94,7529.65,13942.7,1.85,7685.25,15447.2,2.01,6162.5,12644.2,2.05,5878.9,13228,2.25,4684.7,12082,2.58,5099.8,10729.33,2.1,5222.85,11055.78,2.12,5630.47,17771.58,3.16,,,,,,,4915.15,10369.04,2.11
,Kharif,10779,31863,2.96,9718,27033,2.78,,,,,,,,,,,,,6854.3,18995.62,2.77,,,,,,,,,,,,,,,,,,,,,,,,,,,,,,,,,,,,,,,
,Total,10779,31863,2.96,9718,27033,2.78,,,0,,,0,,,0,,,0,6854.3,18995.62,2.77,6791,20118,2.96,7314.05,14168.2,1.94,7529.65,13942.7,1.85,7685.25,15447.2,2.01,6162.5,12644.2,2.05,5878.9,13228,2.25,4684.7,12082,2.58,5099.8,10729.33,2.1,5222.85,11055.78,2.12,5630.47,17771.58,3.16,,,0,,,0,4915.15,10369.04,2.11
3. South andamans,Autumn,,,,,,,,,,,,,,,,,,,,,,1595.5,3788,2.37,784.45,1813.3,2.31,320,390.3,1.22,317.3,792,2.5,267.5,464.3,1.74,216.1,438.8,2.03,185.1,502.18,2.71,239.75,500.28,2.09,164.16,378.57,2.31,67.55,205.37,3.04,,,,,,,73.5,153.06,2.08
,Kharif,,,,,,,10695.8,31600.82,2.95,10509.37,30760.698,2.93,10681.98,29119.66,2.73,8683.38,25870.98,2.98,921.87,2539.64,2.75,,,,,,,,,,,,,,,,,,,,,,,,,,,,,,,,,,,,,,,
,Total,,,0,,,0,10695.8,31600.82,2.95,10509.37,30760.698,2.93,10681.98,29119.66,2.73,8683.38,25870.98,2.98,921.87,2539.64,2.75,1595.5,3788,2.37,784.45,1813.3,2.31,320,390.3,1.22,317.3,792,2.5,267.5,464.3,1.74,216.1,438.8,2.03,185.1,502.18,2.71,239.75,500.28,2.09,164.16,378.57,2.31,67.55,205.37,3.04,,,0,,,0,73.5,153.06,2.08
Total (Rice),,10881,32184,2.96,9801,27333,2.79,10885,32111.66,2.95,10561.37,30850.868,2.92,10734.92,29192.23,2.72,8685.47,25883.04,2.98,7776.17,21535.26,2.77,8390,23916,2.85,8100,15984,1.97,7850,14333.4,1.83,8005.2,16245.5,2.03,6434.6,13119.3,2.04,6100,13678,2.24,4876.47,12593.72,2.58,5340.55,11230.14,2.1,5391.11,11440.36,2.12,5701.12,17981.25,3.15,,,0,,,0,4989.65,10523.36,2.11
16. Sesamum,,,,,,,,,,,,,,,,,,,,,,,,,,,,,,,,,,,,,,,,,,,,,,,,,,,,,,,,,,,,,
1. North and middle andaman,Rabi,,,,,,,,,,,,,,,,,,,,,,,,,,,,,,,,,,,,,,,,4,1.05,0.26,0.23,0.27,1.17,1.2,0.3,0.25,0.5,0.3,0.6,1.5,0.9,0.6,1.65,1,0.61,1,0.45,0.45
,Summer,,,,,,,,,,,,,,,,,,,,,,,,,43.5,21.6,0.5,60.5,19.9,0.33,29.5,6.3,0.21,23,7.3,0.32,35,6.7,0.19,,,,,,,,,,,,,,,,,,,,,
,Total,,,0,,,0,,,0,,,0,,,0,,,0,,,0,,,0,43.5,21.6,0.5,60.5,19.9,0.33,29.5,6.3,0.21,23,7.3,0.32,35,6.7,0.19,4,1.05,0.26,0.23,0.27,1.17,1.2,0.3,0.25,0.5,0.3,0.6,1.5,0.9,0.6,1.65,1,0.61,1,0.45,0.45
2. South andamans,Summer,,,,,,,,,,,,,,,,,,,,,,,,,6.5,3.4,0.52,,,,,,,,,,,,,,,,,,,,,,,,,,,,,,,,,
Total (Sesamum),,,,0,,,0,,,0,,,0,,,0,,,0,,,0,,,0,50,25,0.5,60.5,19.9,0.33,29.5,6.3,0.21,23,7.3,0.32,35,6.7,0.19,4,1.05,0.26,0.23,0.27,1.17,1.2,0.3,0.25,0.5,0.3,0.6,1.5,0.9,0.6,1.65,1,0.61,1,0.45,0.45
17. Sugarcane,,,,,,,,,,,,,,,,,,,,,,,,,,,,,,,,,,,,,,,,,,,,,,,,,,,,,,,,,,,,,
1. Nicobars,Autumn,,,,,,,,,,,,,,,,,,,,,,13.4,41.75,3.12,4.5,10.5,2.33,6.6,3.7,0.56,11,373.4,33.95,22.2,254,11.44,6,12,2,18.43,27,1.47,17,13.2,0.78,3,10,3.33,3.7,15,4.05,3.3,13.5,4.09,5.5,30.1,5.47,,,
2. North and middle andaman,Autumn,,,,,,,,,,,,,,,,,,,,,,73.33,889.2,12.13,105,1892,18.02,205.4,4627.7,22.53,201,4704.6,23.41,108,1543,14.29,48.5,830,17.11,44.7,495.64,11.09,54.05,153.73,2.84,94.83,385.43,4.06,61.31,440.82,7.19,88.8,393.93,4.44,47.1,205.26,4.36,33,238,7.21
3. South andamans,Autumn,,,,,,,,,,,,,,,,,,,,,,67.5,402,5.96,61.8,562,9.09,62.5,1252,20.03,57.5,2058,35.79,59.8,2158,36.09,54.8,1508,27.52,58.2,1021,17.54,39.47,221.77,5.62,18.55,261.25,14.08,23.45,373.82,15.94,52.84,2497.37,47.26,92.65,2751,29.69,92.75,2748.78,29.64
Total (Sugarcane),,,,0,,,0,,,0,,,0,,,0,,,0,,,0,154.23,1332.95,8.64,171.3,2464.5,14.39,274.5,5883.4,21.43,269.5,7136,26.48,190,3955,20.82,109.3,2350,21.5,121.33,1543.64,12.72,110.52,388.7,3.52,116.38,656.68,5.64,88.46,829.64,9.38,144.94,2904.8,20.04,145.25,2986.36,20.56,125.75,2986.78,23.75
18. Sunflower,,,,,,,,,,,,,,,,,,,,,,,,,,,,,,,,,,,,,,,,,,,,,,,,,,,,,,,,,,,,,
1. North and middle andaman,Rabi,,,,,,,,,,,,,,,,,,,,,,2.9,1.9,0.66,,,,,,,,,,,,,0.5,0.2,0.4,0.5,0.4,0.8,,,,0.2,0.6,3,,,,,,,,,,,,
2. South andamans,Rabi,,,,,,,,,,,,,,,,,,,,,,1,0.5,0.5,,,,,,,,,,,,,,,,,,,,,,,,,,,,,,,,,,,,
Total (Sunflower),,,,0,,,0,,,0,,,0,,,0,,,0,,,0,3.9,2.4,0.62,,,0,,,0,,,0,,,0,0.5,0.2,0.4,0.5,0.4,0.8,,,0,0.2,0.6,3,,,0,,,0,,,0,,,0
19. Sweet potato,,,,,,,,,,,,,,,,,,,,,,,,,,,,,,,,,,,,,,,,,,,,,,,,,,,,,,,,,,,,,
1. Nicobars,Rabi,,,,,,,,,,,,,,,,,,,,,,22,208,9.45,23,240,10.43,26,155.5,5.98,8.5,50.7,5.96,16.5,165,10,13,130,10,10,83,8.3,7.47,308.26,41.27,2.14,60.56,28.3,4.64,132.56,28.57,5.4,131.11,24.28,6,126.5,21.08,24.5,150,6.12
2. North and middle andaman,Rabi,,,,,,,,,,,,,,,,,,,,,,109,480,4.4,101,425,4.21,93.6,548.7,5.86,104.4,1787,17.12,76.6,1621.5,21.17,24.5,185,7.55,30,223,7.43,31.69,486.17,15.34,26.87,260.97,9.71,30.11,198.43,6.59,34.43,387.01,11.24,23.03,202.23,8.78,21.45,272.72,12.71
3. South andamans,Rabi,,,,,,,,,,,,,,,,,,,,,,32,235,7.34,26,180,6.92,25.4,145.8,5.74,55.5,855.5,15.41,55.9,875.5,15.66,46,445,9.67,27,547,20.26,5.5,546.3,99.33,5,160,32,6.55,318.55,48.63,20.1,265.26,13.2,20.6,273.54,13.28,21.75,287.75,13.23
Total (Sweet potato),,,,0,,,0,,,0,,,0,,,0,,,0,,,0,163,923,5.66,150,845,5.63,145,850,5.86,168.4,2693.2,15.99,149,2662,17.87,83.5,760,9.1,67,853,12.73,44.66,1340.73,30.02,34.01,481.53,14.16,41.3,649.54,15.73,59.93,783.38,13.07,49.63,602.27,12.14,67.7,710.47,10.49
20. Turmeric,,,,,,,,,,,,,,,,,,,,,,,,,,,,,,,,,,,,,,,,,,,,,,,,,,,,,,,,,,,,,
1. Nicobars,Rabi,,,,,,,,,,,,,,,,,,,,,,2,0.5,0.25,2,1,0.5,2,12.1,6.05,,,,,,,,,,5,0.9,0.18,5,0.9,0.18,3.83,0.65,0.17,5.4,9.8,1.81,4,2,0.5,2,1.2,0.6,1,0.51,0.51
2. North and middle andaman,Rabi,,,,,,,,,,,,,,,,,,,,,,68,376.5,5.54,68.6,380.4,5.55,67,403.5,6.02,63.4,559.5,8.82,93.8,725.5,7.73,89,894.4,10.05,89.5,878.25,9.81,83.73,729.91,8.72,51.63,193.03,3.74,51.91,120.23,2.32,52.82,205.08,3.88,54.2,176.63,3.26,41.24,9.14,0.22
3. South andamans,Rabi,,,,,,,,,,,,,,,,,,,,,,10,105,10.5,9.5,103.7,10.92,9,54.4,6.04,17.1,16.21,0.95,18.8,167.2,8.89,19.5,129.6,6.65,19.01,446.01,23.46,13.82,175.2,12.68,15.85,119.7,7.55,13.88,74.37,5.36,10.1,55.16,5.46,6.55,59.11,9.02,6.92,43.76,6.32
Total (Turmeric),,,,0,,,0,,,0,,,0,,,0,,,0,,,0,80,482,6.03,80.1,485.1,6.06,78,470,6.03,80.5,575.71,7.15,112.6,892.7,7.93,108.5,1024,9.44,113.51,1325.16,11.67,102.55,906.01,8.83,71.31,313.38,4.39,71.19,204.4,2.87,66.92,262.24,3.92,62.75,236.94,3.78,49.16,53.41,1.09
21. Urad,,,,,,,,,,,,,,,,,,,,,,,,,,,,,,,,,,,,,,,,,,,,,,,,,,,,,,,,,,,,,
1. Nicobars,Rabi,,,,,,,,,,,,,,,,,,,,,,1.5,1.16,0.77,,,,,,,6.3,2.5,0.4,,,,,,,,,,,,,,,,,,,2.045,5,2.44,,,,,,
2. North and middle andaman,Rabi,,,,,,,,,,,,,,,,,,,,,,1059.5,458.79,0.43,735.4,407.6,0.55,663.8,347.1,0.52,242.3,111.9,0.46,547.4,323.6,0.59,518.5,374.2,0.72,755.75,243.66,0.32,338.1,98.54,0.29,181.2,29.24,0.16,154.9,83.08,0.54,405,159.03,0.39,356.39,107,0.3,330.2,118.08,0.36
3. South andamans,Rabi,,,,,,,,,,,,,,,,,,,,,,34,15.05,0.44,9.5,3.3,0.35,17.6,8.5,0.48,6.5,3.1,0.48,4.7,1.7,0.36,6.5,1.8,0.28,5,1,0.2,16.7,17.5,1.05,,,,1,0.02,0.02,5.55,0.04,0.01,5.55,0.04,0.01,1.2,0.59,0.49
Total (Urad),,,,0,,,0,,,0,,,0,,,0,,,0,,,0,1095,475,0.43,744.9,410.9,0.55,681.4,355.6,0.52,255.1,117.5,0.46,552.1,325.3,0.59,525,376,0.72,760.75,244.66,0.32,354.8,116.04,0.33,181.2,29.24,0.16,155.9,83.1,0.53,412.595,164.07,0.4,361.94,107.04,0.3,331.4,118.67,0.36
